<?xml version="1.0"?>
<!DOCTYPE hibernate-mapping PUBLIC
  "-//Hibernate/Hibernate Mapping DTD 3.0//EN"
      "http://hibernate.sourceforge.net/hibernate-mapping-3.0.dtd">
<hibernate-mapping>
	<class name="Product" table="products">
		<id name="productId" column="pid">
			<generator class="assigned" />

		</id>
		<property name="productName" column="pname" length="10"></property>
		<property name="productPrice"></property>
	</class>

</hibernate-mapping>

<!-- <?xml version="1.0" encoding="UTF-8"?> <!DOCTYPE hibernate-configuration 
	PUBLIC "-//Hibernate/Hibernate Configuration DTD 3.0//EN" "http://www.hibernate.org/dtd/hibernate-configuration-3.0.dtd"> -->
	
	