<?xml version="1.0" encoding="utf-8"?>
<!DOCTYPE hibernate-configuration SYSTEM "http://www.hibernate.org/dtd/hibernate-configuration-3.0.dtd">


<hibernate-configuration>
    <session-factory>
        <property name="hibernate.dialect">org.hibernate.dialect.MySQLDialect</property>
        <property name="hibernate.connection.driver_class">com.mysql.jdbc.Driver</property>
        <property name="hibernate.connection.username">myuser</property>
        <property name="hibernate.connection.password">mypassword</property>
        <property name="hibernate.connection.url">jdbc:mysql://localhost:3306/websystique</property>
        <property name="show_sql">true</property>
        <property name="format_sql">false</property>
        <mapping class="com.websystique.hibernate.model.Student"/>
        <mapping class="com.websystique.hibernate.model.Address"/>
    </session-factory>
</hibernate-configuration>